ID,neg,neu,pos,compound,GPE
3608,0.0,0.762,0.238,0.3612,Paris
875,0.0,0.762,0.238,0.3612,New York
2909,0.0,0.762,0.238,0.3612,Iran
1357,0.0,0.762,0.238,0.3612,Iowa
3304,0.0,0.762,0.238,0.3612,Iran
3078,0.0,0.762,0.238,0.3612,America
778,0.0,0.762,0.238,0.3612,Staten Island
755,0.0,0.762,0.238,0.3612,W. Va.
2777,0.0,0.762,0.238,0.3612,Afghanistan
3648,0.0,0.762,0.238,0.3612,Orlando
1178,0.0,0.762,0.238,0.3612,South Carolina
3854,0.0,0.762,0.238,0.3612,Obama
143,0.0,0.762,0.238,0.3612,Selma
143,0.0,0.762,0.238,0.3612,America
2832,0.0,0.762,0.238,0.3612,Obama
2832,0.0,0.762,0.238,0.3612,Iraq
3512,0.0,0.762,0.238,0.3612,Belgium
2546,0.0,0.762,0.238,0.3612,San Francisco
2596,0.0,0.762,0.238,0.3612,Israel
2232,0.0,0.762,0.238,0.3612,Obama
2232,0.0,0.762,0.238,0.3612,US
1700,0.0,0.762,0.238,0.3612,Kasich
2199,0.0,0.762,0.238,0.3612,Syria
4943,0.0,0.762,0.238,0.3612,US
3004,0.0,0.762,0.238,0.3612,Iran
2802,0.0,0.762,0.238,0.3612,Iran
3138,0.0,0.762,0.238,0.3612,US
2850,0.0,0.762,0.238,0.3612,Iran
3700,0.0,0.762,0.238,0.3612,Charleston
2305,0.0,0.762,0.238,0.3612,Connecticut
3008,0.0,0.762,0.238,0.3612,Iran
3282,0.0,0.762,0.238,0.3612,Obama
599,0.0,0.762,0.238,0.3612,Ohio
2834,0.0,0.762,0.238,0.3612,Iraq
2834,0.0,0.762,0.238,0.3612,Anbar
2916,0.0,0.762,0.238,0.3612,Iran
4865,0.0,0.762,0.238,0.3612,US
2586,0.0,0.762,0.238,0.3612,Israel
2586,0.0,0.762,0.238,0.3612,US
4045,0.0,0.762,0.238,0.3612,America
4045,0.0,0.762,0.238,0.3612,Russia
4045,0.0,0.762,0.238,0.3612,US
4045,0.0,0.762,0.238,0.3612,America
71,0.0,0.762,0.238,0.3612,LGBT
4701,0.0,0.762,0.238,0.3612,New Responses
4929,0.0,0.762,0.238,0.3612,Mexico
3382,0.0,0.762,0.238,0.3612,Iran
3382,0.0,0.762,0.238,0.3612,Nukes
2812,0.0,0.762,0.238,0.3612,Obama
2812,0.0,0.762,0.238,0.3612,Iran
1109,0.0,0.762,0.238,0.3612,Chicago
3592,0.0,0.762,0.238,0.3612,France
3852,0.0,0.762,0.238,0.3612,Obama
3326,0.0,0.762,0.238,0.3612,South Africa
2968,0.0,0.762,0.238,0.3612,Iraq
1284,0.0,0.762,0.238,0.3612,Iowa
1284,0.0,0.762,0.238,0.3612,New Hampshire
2840,0.0,0.762,0.238,0.3612,Iran
4107,0.0,0.762,0.238,0.3612,America
3851,0.0,0.762,0.238,0.3612,U.S.
334,0.0,0.762,0.238,0.3612,Vermont
5035,0.0,0.762,0.238,0.3612,Obama
1510,0.0,0.762,0.238,0.3612,Charleston
356,0.0,0.762,0.238,0.3612,Florida
4020,0.0,0.762,0.238,0.3612,Obama
4020,0.0,0.762,0.238,0.3612,Syria
2339,0.0,0.762,0.238,0.3612,Obama
1597,0.0,0.762,0.238,0.3612,New Hampshire
4261,0.0,0.762,0.238,0.3612,Iowa
2640,0.0,0.762,0.238,0.3612,Cleveland
800,0.0,0.762,0.238,0.3612,West Virginia
800,0.0,0.762,0.238,0.3612,Nebraska
3638,0.0,0.762,0.238,0.3612,US
3638,0.0,0.762,0.238,0.3612,Paris
2845,0.0,0.762,0.238,0.3612,Obama
2845,0.0,0.762,0.238,0.3612,Syria
317,0.0,0.762,0.238,0.3612,Illinois
3327,0.0,0.762,0.238,0.3612,Iran
751,0.0,0.762,0.238,0.3612,Kentucky
3664,0.0,0.762,0.238,0.3612,Florida
4359,0.0,0.762,0.238,0.3612,Paris
5237,0.0,0.762,0.238,0.3612,Putin
5237,0.0,0.762,0.238,0.3612,US
5060,0.0,0.762,0.238,0.3612,America
5060,0.0,0.762,0.238,0.3612,Obama
2822,0.0,0.762,0.238,0.3612,Iraq
2619,0.0,0.762,0.238,0.3612,Iran
2619,0.0,0.762,0.238,0.3612,Threat
2619,0.0,0.762,0.238,0.3612,Israel
2634,0.0,0.762,0.238,0.3612,Obama
4431,0.0,0.762,0.238,0.3612,Afghanistan
3,0.0,0.762,0.238,0.3612,DC
4561,0.0,0.762,0.238,0.3612,Hungary
479,0.0,0.762,0.238,0.3612,US
4246,0.0,0.762,0.238,0.3612,Flint
821,0.0,0.762,0.238,0.3612,Kasich
2497,0.0,0.762,0.238,0.3612,United States
2497,0.0,0.762,0.238,0.3612,Texas
3870,0.0,0.762,0.238,0.3612,Iran
3870,0.0,0.762,0.238,0.3612,Yemen
1115,0.0,0.762,0.238,0.3612,Chicago
2768,0.0,0.762,0.238,0.3612,Iran
109,0.0,0.762,0.238,0.3612,U.S.
3682,0.0,0.762,0.238,0.3612,Colorado
2139,0.0,0.762,0.238,0.3612,California
1297,0.0,0.762,0.238,0.3612,Kasich
4088,0.0,0.762,0.238,0.3612,Cuba
578,0.0,0.762,0.238,0.3612,Obama
2786,0.0,0.762,0.238,0.3612,Afghanistan
2786,0.0,0.762,0.238,0.3612,U.S.
324,0.0,0.762,0.238,0.3612,New York
4050,0.0,0.762,0.238,0.3612,US
4050,0.0,0.762,0.238,0.3612,Yemen
419,0.0,0.762,0.238,0.3612,Obama
3897,0.0,0.762,0.238,0.3612,Washington
3761,0.0,0.762,0.238,0.3612,Baltimore
126,0.0,0.762,0.238,0.3612,Oklahoma
1059,0.0,0.762,0.238,0.3612,D.C.
2211,0.0,0.762,0.238,0.3612,Iran
2211,0.0,0.762,0.238,0.3612,Obama
2211,0.0,0.762,0.238,0.3612,Israel
2086,0.0,0.762,0.238,0.3612,Paris
2624,0.0,0.762,0.238,0.3612,Iran
2624,0.0,0.762,0.238,0.3612,Israel
1066,0.0,0.762,0.238,0.3612,Brussels
3764,0.0,0.762,0.238,0.3612,Baltimore
4047,0.0,0.762,0.238,0.3612,Greece
4047,0.0,0.762,0.238,0.3612,Iran
5083,0.0,0.762,0.238,0.3612,Historic Speech
4027,0.0,0.762,0.238,0.3612,Obama
4027,0.0,0.762,0.238,0.3612,U.S.
3821,0.0,0.762,0.238,0.3612,Obama
3821,0.0,0.762,0.238,0.3612,Ethiopia
5236,0.0,0.762,0.238,0.3612,Kentucky
4052,0.0,0.762,0.238,0.3612,Jamaica
4052,0.0,0.762,0.238,0.3612,Obama
4052,0.0,0.762,0.238,0.3612,Cuba
5146,0.0,0.762,0.238,0.3612,Obama
4434,0.0,0.762,0.238,0.3612,Iran
1241,0.0,0.762,0.238,0.3612,Nevada
2905,0.0,0.762,0.238,0.3612,US
2905,0.0,0.762,0.238,0.3612,Iran
3666,0.0,0.762,0.238,0.3612,San Bernardino
2219,0.0,0.762,0.238,0.3612,Iran
2219,0.0,0.762,0.238,0.3612,Israel
3247,0.0,0.762,0.238,0.3612,Rand Paul
3247,0.0,0.762,0.238,0.3612,Cuba
2844,0.0,0.762,0.238,0.3612,Iraq
2844,0.0,0.762,0.238,0.3612,Obama
3622,0.0,0.762,0.238,0.3612,Paris
3622,0.0,0.762,0.238,0.3612,US
3736,0.0,0.762,0.238,0.3612,Baltimore
4306,0.0,0.762,0.238,0.3612,Iowa
3974,0.0,0.762,0.238,0.3612,U.S.
1364,0.0,0.762,0.238,0.3612,Iowa
2189,0.0,0.762,0.238,0.3612,Obama
2258,0.0,0.762,0.238,0.3612,Obama
2258,0.0,0.762,0.238,0.3612,Kenya
736,0.0,0.762,0.238,0.3612,Indiana
4283,0.0,0.762,0.238,0.3612,Palin
849,0.0,0.762,0.238,0.3612,Indiana
3957,0.0,0.762,0.238,0.3612,Russia
3957,0.0,0.762,0.238,0.3612,Syria
3957,0.0,0.762,0.238,0.3612,Turkey
4268,0.0,0.762,0.238,0.3612,New Hampshire
4076,0.0,0.762,0.238,0.3612,Kenya
2921,0.0,0.762,0.238,0.3612,Iraq
3002,0.0,0.762,0.238,0.3612,Hiroshima
2912,0.0,0.762,0.238,0.3612,Iran
2084,0.0,0.762,0.238,0.3612,Obama
322,0.0,0.762,0.238,0.3612,New York
2797,0.0,0.762,0.238,0.3612,Iran
2775,0.0,0.762,0.238,0.3612,Obama
144,0.0,0.762,0.238,0.3612,Selma
3946,0.0,0.762,0.238,0.3612,US
3946,0.0,0.762,0.238,0.3612,US
3506,0.0,0.762,0.238,0.3612,Obama
382,0.0,0.762,0.238,0.3612,Canada
2877,0.0,0.762,0.238,0.3612,Iran
2186,0.0,0.762,0.238,0.3612,Iran
4759,0.0,0.762,0.238,0.3612,Ohio
2421,0.0,0.762,0.238,0.3612,Cuba
2421,0.0,0.762,0.238,0.3612,America
2863,0.0,0.762,0.238,0.3612,Iran
4429,0.0,0.762,0.238,0.3612,U.S.
4429,0.0,0.762,0.238,0.3612,Iraq
4030,0.0,0.762,0.238,0.3612,Hungary
1742,0.0,0.762,0.238,0.3612,Obama
2806,0.0,0.762,0.238,0.3612,Iran
1734,0.0,0.762,0.238,0.3612,South Carolina
1734,0.0,0.762,0.238,0.3612,Nevada
3127,0.0,0.762,0.238,0.3612,America
908,0.0,0.762,0.238,0.3612,Kasich
1280,0.0,0.762,0.238,0.3612,N.H.
2291,0.0,0.762,0.238,0.3612,Russia
1386,0.0,0.762,0.238,0.3612,Iowa
4542,0.0,0.762,0.238,0.3612,Chicago
4373,0.0,0.762,0.238,0.3612,US
3991,0.0,0.762,0.238,0.3612,U.S.
4922,0.0,0.762,0.238,0.3612,Obama
2527,0.0,0.762,0.238,0.3612,Alabama
3124,0.0,0.762,0.238,0.3612,Charleston
4016,0.0,0.762,0.238,0.3612,Obama
4016,0.0,0.762,0.238,0.3612,Syria
668,0.0,0.762,0.238,0.3612,California
5195,0.0,0.762,0.238,0.3612,US
469,0.0,0.762,0.238,0.3612,Iowa
469,0.0,0.762,0.238,0.3612,New Hampshire
4567,0.0,0.762,0.238,0.3612,Cuba
4567,0.0,0.762,0.238,0.3612,Obama
1929,0.0,0.762,0.238,0.3612,Wisconsin
2124,0.0,0.762,0.238,0.3612,California
590,0.0,0.762,0.238,0.3612,Kentucky
926,0.0,0.762,0.238,0.3612,Kasich
2009,0.0,0.762,0.238,0.3612,Cuba
3778,0.0,0.762,0.238,0.3612,Boston
3428,0.0,0.762,0.238,0.3612,Obama
2948,0.0,0.762,0.238,0.3612,Saudi Arabia's
2948,0.0,0.762,0.238,0.3612,US
5085,0.0,0.762,0.238,0.3612,Philadelphia
3524,0.0,0.762,0.238,0.3612,San Bernardino
4430,0.0,0.762,0.238,0.3612,Moscow
4223,0.0,0.762,0.238,0.3612,Wisconsin
3826,0.0,0.762,0.238,0.3612,Obama
4247,0.0,0.762,0.238,0.3612,South Carolina
551,0.0,0.762,0.238,0.3612,America
2998,0.0,0.762,0.238,0.3612,US
2998,0.0,0.762,0.238,0.3612,North Korea
1047,0.0,0.762,0.238,0.3612,Michigan
1047,0.0,0.762,0.238,0.3612,Mississippi
3317,0.0,0.762,0.238,0.3612,VA
1437,0.0,0.762,0.238,0.3612,Iowa
2889,0.0,0.762,0.238,0.3612,Iran
2843,0.0,0.762,0.238,0.3612,Iran
3981,0.0,0.762,0.238,0.3612,Mali
2378,0.0,0.762,0.238,0.3612,America
3058,0.0,0.762,0.238,0.3612,Iran
4157,0.0,0.762,0.238,0.3612,Detroit
492,0.0,0.762,0.238,0.3612,Obama
1705,0.0,0.762,0.238,0.3612,Arizona
3769,0.0,0.762,0.238,0.3612,Baltimore
4554,0.0,0.762,0.238,0.3612,Russia
2392,0.0,0.762,0.238,0.3612,Florida
3105,0.0,0.762,0.238,0.3612,Philadelphia
345,0.0,0.762,0.238,0.3612,America
2911,0.0,0.762,0.238,0.3612,London
3766,0.0,0.762,0.238,0.3612,Baltimore
2796,0.0,0.762,0.238,0.3612,Iran
4562,0.0,0.762,0.238,0.3612,Russia
4562,0.0,0.762,0.238,0.3612,Syria
4562,0.0,0.762,0.238,0.3612,U.S.
2660,0.0,0.762,0.238,0.3612,Wisconsin
2616,0.0,0.762,0.238,0.3612,Israel
3693,0.0,0.762,0.238,0.3612,Oregon
3701,0.0,0.762,0.238,0.3612,St. Louis
2935,0.0,0.762,0.238,0.3612,U.S.
2935,0.0,0.762,0.238,0.3612,Afghanistan
2951,0.0,0.762,0.238,0.3612,Syria
416,0.0,0.762,0.238,0.3612,US
3347,0.0,0.762,0.238,0.3612,US
3994,0.0,0.762,0.238,0.3612,U.S.
3994,0.0,0.762,0.238,0.3612,Paris
1328,0.0,0.762,0.238,0.3612,N.H.
3523,0.0,0.762,0.238,0.3612,U.S.
2949,0.0,0.762,0.238,0.3612,Saudi Arabia
1636,0.0,0.762,0.238,0.3612,Kasich
397,0.0,0.762,0.238,0.3612,Syria
1012,0.0,0.762,0.238,0.3612,Wisconsin
5123,0.0,0.762,0.238,0.3612,Ivanka
2883,0.0,0.762,0.238,0.3612,Iran
2785,0.0,0.762,0.238,0.3612,Syria
3019,0.0,0.762,0.238,0.3612,Obama
3341,0.0,0.762,0.238,0.3612,Iran
2126,0.0,0.762,0.238,0.3612,Obama
2784,0.0,0.762,0.238,0.3612,Iraq
2351,0.0,0.762,0.238,0.3612,U.S.
4571,0.0,0.762,0.238,0.3612,America
4913,0.0,0.762,0.238,0.3612,Virginia
2932,0.0,0.762,0.238,0.3612,Egypt
4408,0.0,0.762,0.238,0.3612,Israel
4565,0.0,0.762,0.238,0.3612,US
4565,0.0,0.762,0.238,0.3612,Soviet Union
2356,0.0,0.762,0.238,0.3612,Charleston
2270,0.0,0.762,0.238,0.3612,Ireland
2122,0.0,0.762,0.238,0.3612,America
705,0.0,0.762,0.238,0.3612,San Diego
3961,0.0,0.762,0.238,0.3612,Turkey
3961,0.0,0.762,0.238,0.3612,Russia
985,0.0,0.762,0.238,0.3612,Wyoming
858,0.0,0.762,0.238,0.3612,Indiana
413,0.0,0.762,0.238,0.3612,U.S.
2632,0.0,0.762,0.238,0.3612,Cleveland
5084,0.0,0.762,0.238,0.3612,Obama
2746,0.0,0.762,0.238,0.3612,Selma
4164,0.0,0.762,0.238,0.3612,America
3949,0.0,0.762,0.238,0.3612,Russia
3949,0.0,0.762,0.238,0.3612,Syria
3830,0.0,0.762,0.238,0.3612,Obama
984,0.0,0.762,0.238,0.3612,Colorado
4526,0.0,0.762,0.238,0.3612,Delta State
2868,0.0,0.762,0.238,0.3612,Iran
1849,0.0,0.762,0.238,0.3612,Obama
2221,0.0,0.762,0.238,0.3612,Obama
2221,0.0,0.762,0.238,0.3612,US
1817,0.0,0.762,0.238,0.3612,Jill
1490,0.0,0.762,0.238,0.3612,California
1279,0.0,0.762,0.238,0.3612,America
2825,0.0,0.762,0.238,0.3612,Iran
2304,0.0,0.762,0.238,0.3612,Russia
1231,0.0,0.762,0.238,0.3612,Iowa
3715,0.0,0.762,0.238,0.3612,Charleston
2835,0.0,0.762,0.238,0.3612,Syria
4038,0.0,0.762,0.238,0.3612,Turkey
3501,0.0,0.762,0.238,0.3612,US
3500,0.0,0.762,0.238,0.3612,Lahore
3500,0.0,0.762,0.238,0.3612,Pakistan
2214,0.0,0.762,0.238,0.3612,US
5019,0.0,0.762,0.238,0.3612,US
861,0.0,0.762,0.238,0.3612,California
3871,0.0,0.762,0.238,0.3612,Obama
3871,0.0,0.762,0.238,0.3612,Iran
2795,0.0,0.762,0.238,0.3612,Obama
2795,0.0,0.762,0.238,0.3612,Iran
3911,0.0,0.762,0.238,0.3612,US
3951,0.0,0.762,0.238,0.3612,Germany
685,0.0,0.762,0.238,0.3612,California
3880,0.0,0.762,0.238,0.3612,U.S.
2625,0.0,0.762,0.238,0.3612,Iran
3429,0.0,0.762,0.238,0.3612,Washington
3429,0.0,0.762,0.238,0.3612,Obama
506,0.0,0.762,0.238,0.3612,Obama
4486,0.0,0.762,0.238,0.3612,VA
3572,0.0,0.762,0.238,0.3612,Iran
2971,0.0,0.762,0.238,0.3612,Bergdahl
3521,0.0,0.762,0.238,0.3612,Syria
3521,0.0,0.762,0.238,0.3612,Iraq
3954,0.0,0.762,0.238,0.3612,Ukraine
606,0.0,0.762,0.238,0.3612,Kentucky
1450,0.0,0.762,0.238,0.3612,Milwaukee
2072,0.0,0.762,0.238,0.3612,Flint
1663,0.0,0.762,0.238,0.3612,Iraq
947,0.0,0.762,0.238,0.3612,New York Debate
2913,0.0,0.762,0.238,0.3612,Iraq
2913,0.0,0.762,0.238,0.3612,Iran
3677,0.0,0.762,0.238,0.3612,Calif.
2202,0.0,0.762,0.238,0.3612,Obama
2202,0.0,0.762,0.238,0.3612,Iran
1596,0.0,0.762,0.238,0.3612,the United States
3563,0.0,0.762,0.238,0.3612,America
3690,0.0,0.762,0.238,0.3612,St. Louis
1075,0.0,0.762,0.238,0.3612,Kasich
1075,0.0,0.762,0.238,0.3612,Ohio
4363,0.0,0.762,0.238,0.3612,US
4363,0.0,0.762,0.238,0.3612,Obama
1385,0.0,0.762,0.238,0.3612,America
581,0.0,0.762,0.238,0.3612,Obama
2928,0.0,0.762,0.238,0.3612,Libya
2353,0.0,0.762,0.238,0.3612,America
2601,0.0,0.762,0.238,0.3612,Obama
2601,0.0,0.762,0.238,0.3612,Iran
4255,0.0,0.762,0.238,0.3612,New Hampshire
2623,0.0,0.762,0.238,0.3612,Israel
600,0.0,0.762,0.238,0.3612,Kentucky
600,0.0,0.762,0.238,0.3612,Ohio
2489,0.0,0.762,0.238,0.3612,US
2489,0.0,0.762,0.238,0.3612,Mexico
4543,0.0,0.762,0.238,0.3612,Obama
4055,0.0,0.762,0.238,0.3612,Ukraine
1616,0.0,0.762,0.238,0.3612,Iowa
611,0.0,0.762,0.238,0.3612,Alarm
4218,0.0,0.762,0.238,0.3612,Arizona
1887,0.0,0.762,0.238,0.3612,U.S.
2779,0.0,0.762,0.238,0.3612,Afghanistan
4452,0.0,0.762,0.238,0.3612,Iran
1615,0.0,0.762,0.238,0.3612,Iowa
3516,0.0,0.762,0.238,0.3612,Brussels
3986,0.0,0.762,0.238,0.3612,France
4237,0.0,0.762,0.238,0.3612,Clinton
4237,0.0,0.762,0.238,0.3612,Florida
4237,0.0,0.762,0.238,0.3612,Illinois
4237,0.0,0.762,0.238,0.3612,Ohio
4237,0.0,0.762,0.238,0.3612,North Carolina
4237,0.0,0.762,0.238,0.3612,Florida
3987,0.0,0.762,0.238,0.3612,US
3254,0.0,0.762,0.238,0.3612,N.H.
4524,0.0,0.762,0.238,0.3612,Orlando
918,0.0,0.762,0.238,0.3612,New York
130,0.0,0.762,0.238,0.3612,South Carolina
2831,0.0,0.762,0.238,0.3612,Iraq
4441,0.0,0.762,0.238,0.3612,Obama
4441,0.0,0.762,0.238,0.3612,Iran
3863,0.0,0.762,0.238,0.3612,Obama
362,0.0,0.762,0.238,0.3612,Obama
2880,0.0,0.762,0.238,0.3612,Egypt
2880,0.0,0.762,0.238,0.3612,Libya
517,0.0,0.762,0.238,0.3612,Puerto Rico's
2942,0.0,0.762,0.238,0.3612,Syria
2942,0.0,0.762,0.238,0.3612,US
4539,0.0,0.762,0.238,0.3612,Obama
3652,0.0,0.762,0.238,0.3612,Orlando
3652,0.0,0.762,0.238,0.3612,U.S.
2869,0.0,0.762,0.238,0.3612,Obama
2869,0.0,0.762,0.238,0.3612,Iran
613,0.0,0.762,0.238,0.3612,Kochs
3977,0.0,0.762,0.238,0.3612,Paris
1010,0.0,0.762,0.238,0.3612,Wisconsin
5067,0.0,0.762,0.238,0.3612,Berned
4961,0.0,0.762,0.238,0.3612,Trumpspeak
3971,0.0,0.762,0.238,0.3612,France
3971,0.0,0.762,0.238,0.3612,Belgium
3971,0.0,0.762,0.238,0.3612,Italy
323,0.0,0.762,0.238,0.3612,New York
2278,0.0,0.762,0.238,0.3612,Ark.
951,0.0,0.762,0.238,0.3612,New York
2780,0.0,0.762,0.238,0.3612,Russia
2780,0.0,0.762,0.238,0.3612,Syria
3114,0.0,0.762,0.238,0.3612,New York City
3114,0.0,0.762,0.238,0.3612,US
2653,0.0,0.762,0.238,0.3612,Boston
2882,0.0,0.762,0.238,0.3612,Iran
1238,0.0,0.762,0.238,0.3612,Iowa
3093,0.0,0.762,0.238,0.3612,Obama
4848,0.0,0.762,0.238,0.3612,Ohio
1285,0.0,0.762,0.238,0.3612,Washington
2295,0.0,0.762,0.238,0.3612,Alabama
3969,0.0,0.762,0.238,0.3612,Paris
3601,0.0,0.762,0.238,0.3612,Belgium
3601,0.0,0.762,0.238,0.3612,France
3601,0.0,0.762,0.238,0.3612,Germany
3005,0.0,0.762,0.238,0.3612,Hiroshima
3754,0.0,0.762,0.238,0.3612,Baltimore
1810,0.0,0.762,0.238,0.3612,Puerto Rico
1810,0.0,0.762,0.238,0.3612,Florida
134,0.0,0.762,0.238,0.3612,America
2901,0.0,0.762,0.238,0.3612,Obama
1349,0.0,0.762,0.238,0.3612,Iowa
1349,0.0,0.762,0.238,0.3612,New Hampshire
2858,0.0,0.762,0.238,0.3612,Yemen
2853,0.0,0.762,0.238,0.3612,Obama
2853,0.0,0.762,0.238,0.3612,U.S.
2103,0.0,0.762,0.238,0.3612,Alaska
3180,0.0,0.762,0.238,0.3612,America
684,0.0,0.762,0.238,0.3612,US
1114,0.0,0.762,0.238,0.3612,Florida
2896,0.0,0.762,0.238,0.3612,Obama
856,0.0,0.762,0.238,0.3612,Indiana
4428,0.0,0.762,0.238,0.3612,Istanbul
2963,0.0,0.762,0.238,0.3612,Obama
1427,0.0,0.762,0.238,0.3612,US
3273,0.0,0.762,0.238,0.3612,Iran
1269,0.0,0.762,0.238,0.3612,S.C.
916,0.0,0.762,0.238,0.3612,Cleveland
1313,0.0,0.762,0.238,0.3612,New Hampshire
4568,0.0,0.762,0.238,0.3612,Venezuela
2059,0.0,0.762,0.238,0.3612,Iowa
2761,0.0,0.762,0.238,0.3612,Istanbul
844,0.0,0.762,0.238,0.3612,Kasich
3819,0.0,0.762,0.238,0.3612,Obama
4244,0.0,0.762,0.238,0.3612,Hawaii
4244,0.0,0.762,0.238,0.3612,Mississippi
4244,0.0,0.762,0.238,0.3612,Michigan
4423,0.0,0.762,0.238,0.3612,Iran
2635,0.0,0.762,0.238,0.3612,Cleveland
525,0.0,0.762,0.238,0.3612,Obama
3706,0.0,0.762,0.238,0.3612,Charleston
505,0.0,0.762,0.238,0.3612,Obama
1156,0.0,0.762,0.238,0.3612,Nevada
183,0.0,0.762,0.238,0.3612,Obama
3944,0.0,0.762,0.238,0.3612,Ethiopia
1265,0.0,0.762,0.238,0.3612,South Carolina
4065,0.0,0.762,0.238,0.3612,Ukraine
4065,0.0,0.762,0.238,0.3612,Obama
4491,0.0,0.762,0.238,0.3612,Cuba
3438,0.0,0.762,0.238,0.3612,Washington
4695,0.0,0.762,0.238,0.3612,Las Vegas
3783,0.0,0.762,0.238,0.3612,Washington
2919,0.0,0.762,0.238,0.3612,Tikrit
2824,0.0,0.762,0.238,0.3612,U.S.
2824,0.0,0.762,0.238,0.3612,Iran
2223,0.0,0.762,0.238,0.3612,US
2223,0.0,0.762,0.238,0.3612,Iran
4011,0.0,0.762,0.238,0.3612,Russia
4011,0.0,0.762,0.238,0.3612,US
4011,0.0,0.762,0.238,0.3612,Syria
3509,0.0,0.762,0.238,0.3612,Brussels
840,0.0,0.762,0.238,0.3612,Indiana
3219,0.0,0.762,0.238,0.3612,Iowa
4697,0.0,0.762,0.238,0.3612,Utah
1315,0.0,0.762,0.238,0.3612,New Hampshire
680,0.0,0.762,0.238,0.3612,San Jose
4900,0.0,0.762,0.238,0.3612,Mexico
716,0.0,0.762,0.238,0.3612,Washington
117,0.0,0.762,0.238,0.3612,Baltimore
339,0.0,0.762,0.238,0.3612,New York
4339,0.0,0.762,0.238,0.3612,Iraq
572,0.0,0.762,0.238,0.3612,America
3840,0.0,0.762,0.238,0.3612,Iran
2255,0.0,0.762,0.238,0.3612,Kentucky
1397,0.0,0.762,0.238,0.3612,Iowa
1397,0.0,0.762,0.238,0.3612,New Hampshire
3990,0.0,0.762,0.238,0.3612,Egypt
2833,0.0,0.762,0.238,0.3612,Iran
3898,0.0,0.762,0.238,0.3612,Obama
2816,0.0,0.762,0.238,0.3612,Vienna
2816,0.0,0.762,0.238,0.3612,Iran
3671,0.0,0.762,0.238,0.3612,Obama
3671,0.0,0.762,0.238,0.3612,U.S.
3117,0.0,0.762,0.238,0.3612,Kentucky
3834,0.0,0.762,0.238,0.3612,Obama
80,0.0,0.762,0.238,0.3612,NC
80,0.0,0.762,0.238,0.3612,Backlash
2323,0.0,0.762,0.238,0.3612,N.J.
4259,0.0,0.762,0.238,0.3612,South Carolina
4259,0.0,0.762,0.238,0.3612,Nevada
3514,0.0,0.762,0.238,0.3612,Brussels
2815,0.0,0.762,0.238,0.3612,Iran
4062,0.0,0.762,0.238,0.3612,Iran
2654,0.0,0.762,0.238,0.3612,Obama
1339,0.0,0.762,0.238,0.3612,Obama
4729,0.0,0.762,0.238,0.3612,Utah
531,0.0,0.762,0.238,0.3612,Obama
2943,0.0,0.762,0.238,0.3612,Kobani
3642,0.0,0.762,0.238,0.3612,Paris
2577,0.0,0.762,0.238,0.3612,Obama
4150,0.0,0.762,0.238,0.3612,Obama
3670,0.0,0.762,0.238,0.3612,San Bernardino
1060,0.0,0.762,0.238,0.3612,Washington
468,0.0,0.762,0.238,0.3612,Iran
526,0.0,0.762,0.238,0.3612,Obama
1331,0.0,0.762,0.238,0.3612,South Carolina
2363,0.0,0.762,0.238,0.3612,Britain
2363,0.0,0.762,0.238,0.3612,America
4203,0.0,0.762,0.238,0.3612,Wyoming
2300,0.0,0.762,0.238,0.3612,Indiana
2169,0.0,0.762,0.238,0.3612,Saudi Arabia’s
2169,0.0,0.762,0.238,0.3612,the United States
4276,0.0,0.762,0.238,0.3612,Iowa
2194,0.0,0.762,0.238,0.3612,Obama
2194,0.0,0.762,0.238,0.3612,America
3659,0.0,0.762,0.238,0.3612,Kansas
2851,0.0,0.762,0.238,0.3612,Iran
4453,0.0,0.762,0.238,0.3612,Obama
2923,0.0,0.762,0.238,0.3612,Mosul
4269,0.0,0.762,0.238,0.3612,N.H.
921,0.0,0.762,0.238,0.3612,New York
2531,0.0,0.762,0.238,0.3612,US
3619,0.0,0.762,0.238,0.3612,U.S.
3619,0.0,0.762,0.238,0.3612,Paris
3765,0.0,0.762,0.238,0.3612,Baltimore
4254,0.0,0.762,0.238,0.3612,Nevada
1340,0.0,0.762,0.238,0.3612,Iowa
234,0.0,0.762,0.238,0.3612,Benghazi
3505,0.0,0.762,0.238,0.3612,Orlando
2900,0.0,0.762,0.238,0.3612,Iran
2361,0.0,0.762,0.238,0.3612,Texas
4374,0.0,0.762,0.238,0.3612,Obama
3624,0.0,0.762,0.238,0.3612,Paris
110,0.0,0.762,0.238,0.3612,Baltimore
2175,0.0,0.762,0.238,0.3612,Obama
4256,0.0,0.762,0.238,0.3612,Nevada
4075,0.0,0.762,0.238,0.3612,Turkey
4075,0.0,0.762,0.238,0.3612,Armenia
3564,0.0,0.762,0.238,0.3612,New York City
1352,0.0,0.762,0.238,0.3612,Iowa
2158,0.0,0.762,0.238,0.3612,Obama
2773,0.0,0.762,0.238,0.3612,Iran
3733,0.0,0.762,0.238,0.3612,Charleston
3141,0.0,0.762,0.238,0.3612,Obama
3141,0.0,0.762,0.238,0.3612,America
1021,0.0,0.762,0.238,0.3612,North Dakota
1358,0.0,0.762,0.238,0.3612,Iowa
3810,0.0,0.762,0.238,0.3612,Obama
3692,0.0,0.762,0.238,0.3612,U.S.
4450,0.0,0.762,0.238,0.3612,U.S.
4002,0.0,0.762,0.238,0.3612,US
4002,0.0,0.762,0.238,0.3612,Syria
4002,0.0,0.762,0.238,0.3612,Russia
1225,0.0,0.762,0.238,0.3612,Nevada
919,0.0,0.762,0.238,0.3612,New York
2655,0.0,0.762,0.238,0.3612,Oregon
2244,0.0,0.762,0.238,0.3612,Ky.
4560,0.0,0.762,0.238,0.3612,Russia
4560,0.0,0.762,0.238,0.3612,Syria
1319,0.0,0.762,0.238,0.3612,US
3842,0.0,0.762,0.238,0.3612,Obama
2826,0.0,0.762,0.238,0.3612,Kabul
4280,0.0,0.762,0.238,0.3612,Las Vegas
2862,0.0,0.762,0.238,0.3612,Ramadi
2862,0.0,0.762,0.238,0.3612,US
5079,0.0,0.762,0.238,0.3612,America
5079,0.0,0.762,0.238,0.3612,Obama
5079,0.0,0.762,0.238,0.3612,US
4231,0.0,0.762,0.238,0.3612,Michigan
3527,0.0,0.762,0.238,0.3612,San Bernardino
4443,0.0,0.762,0.238,0.3612,US
2372,0.0,0.762,0.238,0.3612,Obama
2958,0.0,0.762,0.238,0.3612,Obama
2958,0.0,0.762,0.238,0.3612,Dangerous
1440,0.0,0.762,0.238,0.3612,New Hampshire
1458,0.0,0.762,0.238,0.3612,Obama
1458,0.0,0.762,0.238,0.3612,Syria
3387,0.0,0.762,0.238,0.3612,Iran
3387,0.0,0.762,0.238,0.3612,Iran
4025,0.0,0.762,0.238,0.3612,Nepal
2067,0.0,0.762,0.238,0.3612,Flint
4445,0.0,0.762,0.238,0.3612,Washington
4445,0.0,0.762,0.238,0.3612,D.C.
4445,0.0,0.762,0.238,0.3612,America
4213,0.0,0.762,0.238,0.3612,Bronx
4022,0.0,0.762,0.238,0.3612,Russia
4022,0.0,0.762,0.238,0.3612,Syria
592,0.0,0.762,0.238,0.3612,US
2605,0.0,0.762,0.238,0.3612,Obama
3820,0.0,0.762,0.238,0.3612,Obama
4382,0.0,0.762,0.238,0.3612,Ireland
2213,0.0,0.762,0.238,0.3612,Iran
2465,0.0,0.762,0.238,0.3612,Connecticut
4187,0.0,0.762,0.238,0.3612,Indiana
870,0.0,0.762,0.238,0.3612,New York
2904,0.0,0.762,0.238,0.3612,Iran
75,0.0,0.762,0.238,0.3612,Oregon
75,0.0,0.762,0.238,0.3612,America
3966,0.0,0.762,0.238,0.3612,Turkey
3966,0.0,0.762,0.238,0.3612,Syria
352,0.0,0.762,0.238,0.3612,Obama
352,0.0,0.762,0.238,0.3612,Iraq
3989,0.0,0.762,0.238,0.3612,Russia
1925,0.0,0.762,0.238,0.3612,New Hampshire
2428,0.0,0.762,0.238,0.3612,Obama
1961,0.0,0.762,0.238,0.3612,Miami
4521,0.0,0.762,0.238,0.3612,Paris
1373,0.0,0.762,0.238,0.3612,Iowa
803,0.0,0.762,0.238,0.3612,West Virginia
2721,0.0,0.762,0.238,0.3612,America
2793,0.0,0.762,0.238,0.3612,Iran
3538,0.0,0.762,0.238,0.3612,Obama
3538,0.0,0.762,0.238,0.3612,Paris
3430,0.0,0.762,0.238,0.3612,Obama
3528,0.0,0.762,0.238,0.3612,U.S.
2741,0.0,0.762,0.238,0.3612,Islamophobia
4018,0.0,0.762,0.238,0.3612,Havana
3131,0.0,0.762,0.238,0.3612,Palestine
2854,0.0,0.762,0.238,0.3612,Iraq
2854,0.0,0.762,0.238,0.3612,Anbar
2079,0.0,0.762,0.238,0.3612,Obama
3350,0.0,0.762,0.238,0.3612,US
3350,0.0,0.762,0.238,0.3612,Cuba
598,0.0,0.762,0.238,0.3612,California
4975,0.0,0.762,0.238,0.3612,Ukraine
3861,0.0,0.762,0.238,0.3612,Obama
1207,0.0,0.762,0.238,0.3612,Iowa
1207,0.0,0.762,0.238,0.3612,N.H.
2895,0.0,0.762,0.238,0.3612,Obama
2895,0.0,0.762,0.238,0.3612,Iran
1104,0.0,0.762,0.238,0.3612,America
1104,0.0,0.762,0.238,0.3612,Chicago
2881,0.0,0.762,0.238,0.3612,Iraq
2881,0.0,0.762,0.238,0.3612,Obama
1528,0.0,0.762,0.238,0.3612,Putin
2962,0.0,0.762,0.238,0.3612,Obama
4005,0.0,0.762,0.238,0.3612,Russia
4005,0.0,0.762,0.238,0.3612,Syria
2774,0.0,0.762,0.238,0.3612,Syria
2607,0.0,0.762,0.238,0.3612,Israel
2247,0.0,0.762,0.238,0.3612,Kentucky
1029,0.0,0.762,0.238,0.3612,Wisconsin
2207,0.0,0.762,0.238,0.3612,Obama
2207,0.0,0.762,0.238,0.3612,Iran
4192,0.0,0.762,0.238,0.3612,Indiana
2787,0.0,0.762,0.238,0.3612,Obama
2787,0.0,0.762,0.238,0.3612,US
2787,0.0,0.762,0.238,0.3612,Afghanistan
1026,0.0,0.762,0.238,0.3612,Obama
662,0.0,0.762,0.238,0.3612,California
3517,0.0,0.762,0.238,0.3612,Brussels
3003,0.0,0.762,0.238,0.3612,Hiroshima
3223,0.0,0.762,0.238,0.3612,New Hampshire
3049,0.0,0.762,0.238,0.3612,US
1623,0.0,0.762,0.238,0.3612,Obama
1623,0.0,0.762,0.238,0.3612,Syria
3385,0.0,0.762,0.238,0.3612,Iran
2861,0.0,0.762,0.238,0.3612,Iran
4069,0.0,0.762,0.238,0.3612,Kathmandu
1396,0.0,0.762,0.238,0.3612,Iowa
2959,0.0,0.762,0.238,0.3612,US
2959,0.0,0.762,0.238,0.3612,Libya
1122,0.0,0.762,0.238,0.3612,Miami
3738,0.0,0.762,0.238,0.3612,Texas
2007,0.0,0.762,0.238,0.3612,Iowa
1170,0.0,0.762,0.238,0.3612,Super
1074,0.0,0.762,0.238,0.3612,Kasich
1333,0.0,0.762,0.238,0.3612,Iowa
4800,0.0,0.762,0.238,0.3612,New Mexico
4440,0.0,0.762,0.238,0.3612,Saudi Arabia
4440,0.0,0.762,0.238,0.3612,Egypt
4440,0.0,0.762,0.238,0.3612,Invade
4440,0.0,0.762,0.238,0.3612,Yemen
1195,0.0,0.762,0.238,0.3612,Trump County
1195,0.0,0.762,0.238,0.3612,U.S.A.
2841,0.0,0.762,0.238,0.3612,Iran
3890,0.0,0.762,0.238,0.3612,Homeland
3890,0.0,0.762,0.238,0.3612,Kenya
2976,0.0,0.762,0.238,0.3612,America
2296,0.0,0.762,0.238,0.3612,Indiana
441,0.0,0.762,0.238,0.3612,America
3270,0.0,0.762,0.238,0.3612,Nevada
3022,0.0,0.762,0.238,0.3612,Obama
4635,0.0,0.762,0.238,0.3612,U.S.
4635,0.0,0.762,0.238,0.3612,Mexico
1699,0.0,0.762,0.238,0.3612,America
1735,0.0,0.762,0.238,0.3612,Obama
1735,0.0,0.762,0.238,0.3612,Mistake
1735,0.0,0.762,0.238,0.3612,U.S.
2163,0.0,0.762,0.238,0.3612,America
3585,0.0,0.762,0.238,0.3612,Ukraine
3585,0.0,0.762,0.238,0.3612,Russia
4251,0.0,0.762,0.238,0.3612,Super
2929,0.0,0.762,0.238,0.3612,Libya
2183,0.0,0.762,0.238,0.3612,America
4032,0.0,0.762,0.238,0.3612,Nepal
2360,0.0,0.762,0.238,0.3612,Texas
2233,0.0,0.762,0.238,0.3612,Paris
2233,0.0,0.762,0.238,0.3612,America
3489,0.0,0.762,0.238,0.3612,Obama
2080,0.0,0.762,0.238,0.3612,California
3792,0.0,0.762,0.238,0.3612,Arizona
2766,0.0,0.762,0.238,0.3612,Ramadi
1264,0.0,0.762,0.238,0.3612,Denmark
4395,0.0,0.762,0.238,0.3612,Calif.
4395,0.0,0.762,0.238,0.3612,Ore.
2872,0.0,0.762,0.238,0.3612,Afghanistan
4090,0.0,0.762,0.238,0.3612,Ukraine
3796,0.0,0.762,0.238,0.3612,Obama
1221,0.0,0.762,0.238,0.3612,Kentucky
3752,0.0,0.762,0.238,0.3612,Baltimore
4082,0.0,0.762,0.238,0.3612,Moscow
5178,0.0,0.762,0.238,0.3612,Florida
537,0.0,0.762,0.238,0.3612,Iowa
2990,0.0,0.762,0.238,0.3612,U.S.
3909,0.0,0.762,0.238,0.3612,Obama
688,0.0,0.762,0.238,0.3612,California
540,0.0,0.762,0.238,0.3612,U.S.
99,0.0,0.762,0.238,0.3612,Charleston
3396,0.0,0.762,0.238,0.3612,Paris
1322,0.0,0.762,0.238,0.3612,New Hampshire
4541,0.0,0.762,0.238,0.3612,U.S.
2771,0.0,0.762,0.238,0.3612,Iran
1240,0.0,0.762,0.238,0.3612,Crumbles
3795,0.0,0.762,0.238,0.3612,Obama
3795,0.0,0.762,0.238,0.3612,Germany
1555,0.0,0.762,0.238,0.3612,Vegas
107,0.0,0.762,0.238,0.3612,Charleston
52,0.0,0.762,0.238,0.3612,Philadelphia
77,0.0,0.762,0.238,0.3612,Minneapolis
552,0.0,0.762,0.238,0.3612,America
552,0.0,0.762,0.238,0.3612,Atlanta
665,0.0,0.762,0.238,0.3612,California
2091,0.0,0.762,0.238,0.3612,US
4438,0.0,0.762,0.238,0.3612,Iran
5009,0.0,0.762,0.238,0.3612,Iran
3297,0.0,0.762,0.238,0.3612,Florida
2374,0.0,0.762,0.238,0.3612,Pennsylvania
1252,0.0,0.762,0.238,0.3612,Nevada
3804,0.0,0.762,0.238,0.3612,Obama
2479,0.0,0.762,0.238,0.3612,U.S.
2477,0.0,0.762,0.238,0.3612,Obama
3358,0.0,0.762,0.238,0.3612,Iran
3510,0.0,0.762,0.238,0.3612,Brussels
4391,0.0,0.762,0.238,0.3612,Obama
2125,0.0,0.762,0.238,0.3612,US
2957,0.0,0.762,0.238,0.3612,Syria
4073,0.0,0.762,0.238,0.3612,Cuba
2920,0.0,0.762,0.238,0.3612,U.S.
3699,0.0,0.762,0.238,0.3612,Charleston
1536,0.0,0.762,0.238,0.3612,Copenhagen
84,0.0,0.762,0.238,0.3612,U.S.
84,0.0,0.762,0.238,0.3612,Kentucky
3583,0.0,0.762,0.238,0.3612,Kabul
2109,0.0,0.762,0.238,0.3612,California
2177,0.0,0.762,0.238,0.3612,Obama
3726,0.0,0.762,0.238,0.3612,Charleston
4066,0.0,0.762,0.238,0.3612,U.S.
4066,0.0,0.762,0.238,0.3612,Cuba
325,0.0,0.762,0.238,0.3612,New York
257,0.0,0.762,0.238,0.3612,Chaos
5065,0.0,0.762,0.238,0.3612,America
3915,0.0,0.762,0.238,0.3612,Cuba
3915,0.0,0.762,0.238,0.3612,U.S.
3356,0.0,0.762,0.238,0.3612,Iran
3992,0.0,0.762,0.238,0.3612,Syria
1312,0.0,0.762,0.238,0.3612,New Hampshire
1312,0.0,0.762,0.238,0.3612,U.S.
4039,0.0,0.762,0.238,0.3612,Kenya
1886,0.0,0.762,0.238,0.3612,Iraq
3459,0.0,0.762,0.238,0.3612,Ginsburg
35,0.0,0.762,0.238,0.3612,Arizona
2915,0.0,0.762,0.238,0.3612,Obama
3542,0.0,0.762,0.238,0.3612,Tunisia
2515,0.0,0.762,0.238,0.3612,U.S.
4143,0.0,0.762,0.238,0.3612,Obama
442,0.0,0.762,0.238,0.3612,U.S.
3711,0.0,0.762,0.238,0.3612,Baltimore
754,0.0,0.762,0.238,0.3612,Nevada
2275,0.0,0.762,0.238,0.3612,US
4141,0.0,0.762,0.238,0.3612,America
835,0.0,0.762,0.238,0.3612,Kasich
835,0.0,0.762,0.238,0.3612,Indiana
3052,0.0,0.762,0.238,0.3612,Their Beliefs
314,0.0,0.762,0.238,0.3612,the United States
4973,0.0,0.762,0.238,0.3612,Las Vegas
2801,0.0,0.762,0.238,0.3612,Iran
3628,0.0,0.762,0.238,0.3612,Paris
3628,0.0,0.762,0.238,0.3612,Spain
946,0.0,0.762,0.238,0.3612,New York
3876,0.0,0.762,0.238,0.3612,Obama
2602,0.0,0.762,0.238,0.3612,Israel
1414,0.0,0.762,0.238,0.3612,Paris
1414,0.0,0.762,0.238,0.3612,San Bernardino
758,0.0,0.762,0.238,0.3612,Oregon
758,0.0,0.762,0.238,0.3612,Kentucky
888,0.0,0.762,0.238,0.3612,Kasich
376,0.0,0.762,0.238,0.3612,US
3504,0.0,0.762,0.238,0.3612,Orlando
3756,0.0,0.762,0.238,0.3612,Baltimore
532,0.0,0.762,0.238,0.3612,Obama
2906,0.0,0.762,0.238,0.3612,US
2906,0.0,0.762,0.238,0.3612,Iran
2782,0.0,0.762,0.238,0.3612,Afghanistan
2760,0.0,0.762,0.238,0.3612,U.S.
2760,0.0,0.762,0.238,0.3612,Iran
1398,0.0,0.762,0.238,0.3612,Iowa
1398,0.0,0.762,0.238,0.3612,N.H.
3568,0.0,0.762,0.238,0.3612,London
2885,0.0,0.762,0.238,0.3612,Iran
1243,0.0,0.762,0.238,0.3612,Iowa
2165,0.0,0.762,0.238,0.3612,Obama
2165,0.0,0.762,0.238,0.3612,Vietnam
2927,0.0,0.762,0.238,0.3612,Obama
3292,0.0,0.762,0.238,0.3612,Iran
3588,0.0,0.762,0.238,0.3612,Kabul
3515,0.0,0.762,0.238,0.3612,Paris
3515,0.0,0.762,0.238,0.3612,Brussels
2903,0.0,0.762,0.238,0.3612,Iran
2209,0.0,0.762,0.238,0.3612,Iran
1873,0.0,0.762,0.238,0.3612,New Hampshire’s
565,0.0,0.762,0.238,0.3612,U.S.
1365,0.0,0.762,0.238,0.3612,Iowa
2767,0.0,0.762,0.238,0.3612,U.S.
5269,0.0,0.762,0.238,0.3612,Melania
774,0.0,0.762,0.238,0.3612,America
4253,0.0,0.762,0.238,0.3612,Mexico
5194,0.0,0.762,0.238,0.3612,America
669,0.0,0.762,0.238,0.3612,California
3621,0.0,0.762,0.238,0.3612,Paris
1249,0.0,0.762,0.238,0.3612,Chicago
2584,0.0,0.762,0.238,0.3612,Iran
3362,0.0,0.762,0.238,0.3612,Iran
3014,0.0,0.762,0.238,0.3612,U.S.
4513,0.0,0.762,0.238,0.3612,France
4513,0.0,0.762,0.238,0.3612,Syria
1941,0.0,0.762,0.238,0.3612,Iowa
391,0.0,0.762,0.238,0.3612,Philadelphia
4063,0.0,0.762,0.238,0.3612,Yemen
3672,0.0,0.762,0.238,0.3612,San Bernardino
4004,0.0,0.762,0.238,0.3612,Russia
2168,0.0,0.762,0.238,0.3612,US
2168,0.0,0.762,0.238,0.3612,Vietnam
2168,0.0,0.762,0.238,0.3612,China
3439,0.0,0.762,0.238,0.3612,Obama
2743,0.0,0.762,0.238,0.3612,America
120,0.0,0.762,0.238,0.3612,S.C.
2501,0.0,0.762,0.238,0.3612,Obama
920,0.0,0.762,0.238,0.3612,New York
2804,0.0,0.762,0.238,0.3612,Iran
2274,0.0,0.762,0.238,0.3612,Texas
3724,0.0,0.762,0.238,0.3612,D.C.
3604,0.0,0.762,0.238,0.3612,Nigeria
3747,0.0,0.762,0.238,0.3612,Seattle
4510,0.0,0.762,0.238,0.3612,Brussels
1191,0.0,0.762,0.238,0.3612,New Hampshire
1639,0.0,0.762,0.238,0.3612,Vegas
4017,0.0,0.762,0.238,0.3612,Russia
4017,0.0,0.762,0.238,0.3612,Syria
4238,0.0,0.762,0.238,0.3612,Texas
2886,0.0,0.762,0.238,0.3612,Iraq
2348,0.0,0.762,0.238,0.3612,Obama
3169,0.0,0.762,0.238,0.3612,Cleveland
4969,0.0,0.762,0.238,0.3612,Ukraine
2630,0.0,0.762,0.238,0.3612,Washington
4897,0.0,0.762,0.238,0.3612,America
2379,0.0,0.762,0.238,0.3612,Alaska
1160,0.0,0.762,0.238,0.3612,Super
2827,0.0,0.762,0.238,0.3612,Iran
3511,0.0,0.762,0.238,0.3612,Belgium
2940,0.0,0.762,0.238,0.3612,Obama
3122,0.0,0.762,0.238,0.3612,Ky.
3732,0.0,0.762,0.238,0.3612,Texas
4801,0.0,0.762,0.238,0.3612,Berlin
3531,0.0,0.762,0.238,0.3612,Iowa
630,0.0,0.762,0.238,0.3612,Tampa
1830,0.0,0.762,0.238,0.3612,Iowa
3952,0.0,0.762,0.238,0.3612,Philippines
411,0.0,0.762,0.238,0.3612,Obama
2246,0.0,0.762,0.238,0.3612,Alabama
430,0.0,0.762,0.238,0.3612,Maryland
3719,0.0,0.762,0.238,0.3612,Washington
4828,0.0,0.762,0.238,0.3612,the United States'
1316,0.0,0.762,0.238,0.3612,US
1316,0.0,0.762,0.238,0.3612,New Hampshire
5077,0.0,0.762,0.238,0.3612,Hacking
5077,0.0,0.762,0.238,0.3612,Russia
5076,0.0,0.762,0.238,0.3612,US
1314,0.0,0.762,0.238,0.3612,New Hampshire
3620,0.0,0.762,0.238,0.3612,Paris
2568,0.0,0.762,0.238,0.3612,Obama
4607,0.0,0.762,0.238,0.3612,Nevada
1395,0.0,0.762,0.238,0.3612,Iowa
4564,0.0,0.762,0.238,0.3612,Russia
4564,0.0,0.762,0.238,0.3612,Syria
1401,0.0,0.762,0.238,0.3612,Iowa
3674,0.0,0.762,0.238,0.3612,Colorado Springs
2,0.0,0.762,0.238,0.3612,Texas
2933,0.0,0.762,0.238,0.3612,Egypt
2933,0.0,0.762,0.238,0.3612,Libya
3973,0.0,0.762,0.238,0.3612,Paris
4035,0.0,0.762,0.238,0.3612,India
5110,0.0,0.762,0.238,0.3612,America
1144,0.0,0.762,0.238,0.3612,America
3815,0.0,0.762,0.238,0.3612,Obama
2944,0.0,0.762,0.238,0.3612,Kirkuk
4288,0.0,0.762,0.238,0.3612,Kasich
2212,0.0,0.762,0.238,0.3612,Obama
2212,0.0,0.762,0.238,0.3612,Russia
2299,0.0,0.762,0.238,0.3612,Alabama
631,0.0,0.762,0.238,0.3612,Washington
5181,0.0,0.762,0.238,0.3612,Orlando
2936,0.0,0.762,0.238,0.3612,Yemen
2936,0.0,0.762,0.238,0.3612,Iran
428,0.0,0.762,0.238,0.3612,US
1372,0.0,0.762,0.238,0.3612,Iowa
3405,0.0,0.762,0.238,0.3612,Obama
4209,0.0,0.762,0.238,0.3612,Wisconsin
3047,0.0,0.762,0.238,0.3612,U.S.
4028,0.0,0.762,0.238,0.3612,Russia
4028,0.0,0.762,0.238,0.3612,Iran
1346,0.0,0.762,0.238,0.3612,Iowa
1362,0.0,0.762,0.238,0.3612,Iowa
461,0.0,0.762,0.238,0.3612,US
132,0.0,0.762,0.238,0.3612,America
1863,0.0,0.762,0.238,0.3612,Iowa
4557,0.0,0.762,0.238,0.3612,Russia
4557,0.0,0.762,0.238,0.3612,France
4557,0.0,0.762,0.238,0.3612,Syria
76,0.0,0.762,0.238,0.3612,America
5204,0.0,0.762,0.238,0.3612,Nevada
4127,0.0,0.762,0.238,0.3612,Texas
3319,0.0,0.762,0.238,0.3612,VA
3191,0.0,0.762,0.238,0.3612,Las Vegas
2875,0.0,0.762,0.238,0.3612,Yemen
3379,0.0,0.762,0.238,0.3612,Libya
3649,0.0,0.762,0.238,0.3612,LGBT
3649,0.0,0.762,0.238,0.3612,Orlando
1814,0.0,0.762,0.238,0.3612,Iowa
1814,0.0,0.762,0.238,0.3612,N.H.
1163,0.0,0.762,0.238,0.3612,Obama
744,0.0,0.762,0.238,0.3612,America
4507,0.0,0.762,0.238,0.3612,Washington
4507,0.0,0.762,0.238,0.3612,DC
1387,0.0,0.762,0.238,0.3612,Iowa
2495,0.0,0.762,0.238,0.3612,US
968,0.0,0.762,0.238,0.3612,Alaska
968,0.0,0.762,0.238,0.3612,Hawaii
968,0.0,0.762,0.238,0.3612,Washington
78,0.0,0.762,0.238,0.3612,Flint
78,0.0,0.762,0.238,0.3612,Michigan
2494,0.0,0.762,0.238,0.3612,California
2925,0.0,0.762,0.238,0.3612,ISIS Empire: Smuggling
2416,0.0,0.762,0.238,0.3612,Hawaii
5022,0.0,0.762,0.238,0.3612,Melania
2808,0.0,0.762,0.238,0.3612,Iran
2201,0.0,0.762,0.238,0.3612,Iran
1136,0.0,0.762,0.238,0.3612,Super
1336,0.0,0.762,0.238,0.3612,New Hampshire
5071,0.0,0.762,0.238,0.3612,Rust Belt
1267,0.0,0.762,0.238,0.3612,Iowa
125,0.0,0.762,0.238,0.3612,West Baltimore
4614,0.0,0.762,0.238,0.3612,US
3849,0.0,0.762,0.238,0.3612,Obama
2608,0.0,0.762,0.238,0.3612,Iran
2191,0.0,0.762,0.238,0.3612,Obama
2191,0.0,0.762,0.238,0.3612,Cuba
4525,0.0,0.762,0.238,0.3612,Orlando
3956,0.0,0.762,0.238,0.3612,Obama
1307,0.0,0.762,0.238,0.3612,New Hampshire
2225,0.0,0.762,0.238,0.3612,US
2225,0.0,0.762,0.238,0.3612,Israel
745,0.0,0.762,0.238,0.3612,Nevada
4310,0.0,0.762,0.238,0.3612,America
2613,0.0,0.762,0.238,0.3612,Israel
4036,0.0,0.762,0.238,0.3612,Canada
3838,0.0,0.762,0.238,0.3612,Ohio
3587,0.0,0.762,0.238,0.3612,Jordan
4555,0.0,0.762,0.238,0.3612,Mali
3787,0.0,0.762,0.238,0.3612,Colorado
2071,0.0,0.762,0.238,0.3612,Obama
4649,0.0,0.762,0.238,0.3612,Florida
2830,0.0,0.762,0.238,0.3612,Iran
2819,0.0,0.762,0.238,0.3612,Iran
3520,0.0,0.762,0.238,0.3612,Paris
3520,0.0,0.762,0.238,0.3612,UK
3976,0.0,0.762,0.238,0.3612,Mali
4530,0.0,0.762,0.238,0.3612,DC
4487,0.0,0.762,0.238,0.3612,VA
3007,0.0,0.762,0.238,0.3612,Iran
142,0.0,0.762,0.238,0.3612,America
483,0.0,0.762,0.238,0.3612,U.S.
1300,0.0,0.762,0.238,0.3612,Kasich
1257,0.0,0.762,0.238,0.3612,Iowa
3839,0.0,0.762,0.238,0.3612,Situation Room
3839,0.0,0.762,0.238,0.3612,Iran
4227,0.0,0.762,0.238,0.3612,Wisconsin
4655,0.0,0.762,0.238,0.3612,Conway
2776,0.0,0.762,0.238,0.3612,Iran
359,0.0,0.762,0.238,0.3612,US
4515,0.0,0.762,0.238,0.3612,Garland
4515,0.0,0.762,0.238,0.3612,Texas
1303,0.0,0.762,0.238,0.3612,New Hampshire
4021,0.0,0.762,0.238,0.3612,Ethiopia
4021,0.0,0.762,0.238,0.3612,Obama
4021,0.0,0.762,0.238,0.3612,East Africa
